{
    "packages": [
        {
            "name": "composer/package-versions-deprecated",
            "version": "1.11.99.2",
            "version_normalized": "1.11.99.2",
            "source": {
                "type": "git",
                "url": "https://github.com/composer/package-versions-deprecated.git",
                "reference": "c6522afe5540d5fc46675043d3ed5a45a740b27c"
            },
            "dist": {
                "type": "zip",
                "url": "https://api.github.com/repos/composer/package-versions-deprecated/zipball/c6522afe5540d5fc46675043d3ed5a45a740b27c",
                "reference": "c6522afe5540d5fc46675043d3ed5a45a740b27c",
                "shasum": ""
            },
            "require": {
                "composer-plugin-api": "^1.1.0 || ^2.0",
                "php": "^7 || ^8"
            },
            "replace": {
                "ocramius/package-versions": "1.11.99"
            },
            "require-dev": {
                "composer/composer": "^1.9.3 || ^2.0@dev",
                "ext-zip": "^1.13",
                "phpunit/phpunit": "^6.5 || ^7"
            },
            "time": "2021-05-24T07:46:03+00:00",
            "type": "composer-plugin",
            "extra": {
                "class": "PackageVersions\\Installer",
                "branch-alias": {
                    "dev-master": "1.x-dev"
                }
            },
            "installation-source": "dist",
            "autoload": {
                "psr-4": {
                    "PackageVersions\\": "src/PackageVersions"
                }
            },
            "notification-url": "https://packagist.org/downloads/",
            "license": [
                "MIT"
            ],
            "authors": [
                {
                    "name": "Marco Pivetta",
                    "email": "ocramius@gmail.com"
                },
                {
                    "name": "Jordi Boggiano",
                    "email": "j.boggiano@seld.be"
                }
            ],
            "description": "Composer plugin that provides efficient querying for installed package versions (no runtime IO)",
            "support": {
                "issues": "https://github.com/composer/package-versions-deprecated/issues",
                "source": "https://github.com/composer/package-versions-deprecated/tree/1.11.99.2"
            },
            "funding": [
                {
                    "url": "https://packagist.com",
                    "type": "custom"
                },
                {
                    "url": "https://github.com/composer",
                    "type": "github"
                },
                {
                    "url": "https://tidelift.com/funding/github/packagist/composer/composer",
                    "type": "tidelift"
                }
            ],
            "install-path": "./package-versions-deprecated"
        },
        {
            "name": "jean85/pretty-package-versions",
            "version": "1.6.0",
            "version_normalized": "1.6.0.0",
            "source": {
                "type": "git",
                "url": "https://github.com/Jean85/pretty-package-versions.git",
                "reference": "1e0104b46f045868f11942aea058cd7186d6c303"
            },
            "dist": {
                "type": "zip",
                "url": "https://api.github.com/repos/Jean85/pretty-package-versions/zipball/1e0104b46f045868f11942aea058cd7186d6c303",
                "reference": "1e0104b46f045868f11942aea058cd7186d6c303",
                "shasum": ""
            },
            "require": {
                "composer/package-versions-deprecated": "^1.8.0",
                "php": "^7.0|^8.0"
            },
            "require-dev": {
                "phpunit/phpunit": "^6.0|^8.5|^9.2"
            },
            "time": "2021-02-04T16:20:16+00:00",
            "type": "library",
            "extra": {
                "branch-alias": {
                    "dev-master": "1.x-dev"
                }
            },
            "installation-source": "dist",
            "autoload": {
                "psr-4": {
                    "Jean85\\": "src/"
                }
            },
            "notification-url": "https://packagist.org/downloads/",
            "license": [
                "MIT"
            ],
            "authors": [
                {
                    "name": "Alessandro Lai",
                    "email": "alessandro.lai85@gmail.com"
                }
            ],
            "description": "A wrapper for ocramius/package-versions to get pretty versions strings",
            "keywords": [
                "composer",
                "package",
                "release",
                "versions"
            ],
            "support": {
                "issues": "https://github.com/Jean85/pretty-package-versions/issues",
                "source": "https://github.com/Jean85/pretty-package-versions/tree/1.6.0"
            },
            "install-path": "../jean85/pretty-package-versions"
        },
        {
            "name": "mongodb/mongodb",
            "version": "1.8.0",
            "version_normalized": "1.8.0.0",
            "source": {
                "type": "git",
                "url": "https://github.com/mongodb/mongo-php-library.git",
                "reference": "953dbc19443aa9314c44b7217a16873347e6840d"
            },
            "dist": {
                "type": "zip",
                "url": "https://api.github.com/repos/mongodb/mongo-php-library/zipball/953dbc19443aa9314c44b7217a16873347e6840d",
                "reference": "953dbc19443aa9314c44b7217a16873347e6840d",
                "shasum": ""
            },
            "require": {
                "ext-hash": "*",
                "ext-json": "*",
                "ext-mongodb": "^1.8.1",
                "jean85/pretty-package-versions": "^1.2",
                "php": "^7.0 || ^8.0",
                "symfony/polyfill-php80": "^1.19"
            },
            "require-dev": {
                "squizlabs/php_codesniffer": "^3.5, <3.5.5",
                "symfony/phpunit-bridge": "5.x-dev"
            },
            "time": "2020-11-25T12:26:02+00:00",
            "type": "library",
            "extra": {
                "branch-alias": {
                    "dev-master": "1.8.x-dev"
                }
            },
            "installation-source": "dist",
            "autoload": {
                "psr-4": {
                    "MongoDB\\": "src/"
                },
                "files": [
                    "src/functions.php"
                ]
            },
            "notification-url": "https://packagist.org/downloads/",
            "license": [
                "Apache-2.0"
            ],
            "authors": [
                {
                    "name": "Andreas Braun",
                    "email": "andreas.braun@mongodb.com"
                },
                {
                    "name": "Jeremy Mikola",
                    "email": "jmikola@gmail.com"
                }
            ],
            "description": "MongoDB driver library",
            "homepage": "https://jira.mongodb.org/browse/PHPLIB",
            "keywords": [
                "database",
                "driver",
                "mongodb",
                "persistence"
            ],
            "support": {
                "issues": "https://github.com/mongodb/mongo-php-library/issues",
                "source": "https://github.com/mongodb/mongo-php-library/tree/1.8.0"
            },
            "install-path": "../mongodb/mongodb"
        },
        {
            "name": "symfony/polyfill-php80",
            "version": "v1.23.0",
            "version_normalized": "1.23.0.0",
            "source": {
                "type": "git",
                "url": "https://github.com/symfony/polyfill-php80.git",
                "reference": "eca0bf41ed421bed1b57c4958bab16aa86b757d0"
            },
            "dist": {
                "type": "zip",
                "url": "https://api.github.com/repos/symfony/polyfill-php80/zipball/eca0bf41ed421bed1b57c4958bab16aa86b757d0",
                "reference": "eca0bf41ed421bed1b57c4958bab16aa86b757d0",
                "shasum": ""
            },
            "require": {
                "php": ">=7.1"
            },
            "time": "2021-02-19T12:13:01+00:00",
            "type": "library",
            "extra": {
                "branch-alias": {
                    "dev-main": "1.23-dev"
                },
                "thanks": {
                    "name": "symfony/polyfill",
                    "url": "https://github.com/symfony/polyfill"
                }
            },
            "installation-source": "dist",
            "autoload": {
                "psr-4": {
                    "Symfony\\Polyfill\\Php80\\": ""
                },
                "files": [
                    "bootstrap.php"
                ],
                "classmap": [
                    "Resources/stubs"
                ]
            },
            "notification-url": "https://packagist.org/downloads/",
            "license": [
                "MIT"
            ],
            "authors": [
                {
                    "name": "Ion Bazan",
                    "email": "ion.bazan@gmail.com"
                },
                {
                    "name": "Nicolas Grekas",
                    "email": "p@tchwork.com"
                },
                {
                    "name": "Symfony Community",
                    "homepage": "https://symfony.com/contributors"
                }
            ],
            "description": "Symfony polyfill backporting some PHP 8.0+ features to lower PHP versions",
            "homepage": "https://symfony.com",
            "keywords": [
                "compatibility",
                "polyfill",
                "portable",
                "shim"
            ],
            "support": {
                "source": "https://github.com/symfony/polyfill-php80/tree/v1.23.0"
            },
            "funding": [
                {
                    "url": "https://symfony.com/sponsor",
                    "type": "custom"
                },
                {
                    "url": "https://github.com/fabpot",
                    "type": "github"
                },
                {
                    "url": "https://tidelift.com/funding/github/packagist/symfony/symfony",
                    "type": "tidelift"
                }
            ],
            "install-path": "../symfony/polyfill-php80"
        }
    ],
    "dev": true,
    "dev-package-names": []
}
